{"Align Telescope": {"Laboratory(34/-5)": [33.819397, -5.952718]}, "Chart Course": {"Dropship(16/0)": [16.011347, -0.75584424]}, "Clear Asteroids": {"Weapons(10/-22)": [10.297455, -23.2101]}, "Empty Garbage": {"Oxygen(5/-21)": [5.0925655, -21.23253]}, "Fill Canisters": {"Oxygen(1/-20)": [1.1727186, -20.054726]}, "Activate Weather Nodes": {"Outside(7/-25)": [7.234717, -25.528563], "Outside(8/-15)": [8.608353, -15.949604], "Outside(14/-12)": [14.711156, -12.680111], "Outside(23/-7)": [23.035463, -7.6164412], "Outside(31/-12)": [30.628105, -12.77873], "Outside(15/-25)": [15.028896, -25.60663], "Laboratory(29/-7)": [29.466526, -7.326949]}, "Fix Wiring": {"Office(16/-19)": [16.425625, -19.082876], "Decontamination(41/-9)": [40.594395, -9.52717], "Laboratory(37/-9)": [37.396484, -9.543238], "Electrical(3/-9)": [3.0303166, -9.244182], "Oxygen(6/-18)": [6.472868, -19.042809], "Laboratory(33/-9)": [32.98579, -9.569172]}, "Fuel Engines": {"Storage(21/-11)": [20.968845, -11.7677], "Outside(11/-6)": [11.420753, -6.926939], "Outside(22/-6)": [21.982374, -6.9694414]}, "Insert Keys": {"Dropship(17/0)": [17.361172, -0.75312465]}, "Inspect Sample": {"MedBay(37/-6)": [36.576912, -6.167208]}, "Monitor Oxygen": {"Oxygen(2/-16)": [1.6941894, -16.773848]}, "Open Waterways": {"Boiler Room(4/-24)": [3.1616173, -24.751978], "Boiler Room(1/-24)": [1.4891689, -24.752234], "Boiler Room(18/-24)": [18.382048, -24.301813]}, "Reboot Wifi": {"Communications(11/-15)": [11.042559, -15.896725]}, "Record Temperature": {"Laboratory(31/-7)": [31.294178, -7.2514906], "Outside(31/-15)": [30.510609, -15.667362]}, "Repair Drill": {"Laboratory(27/-7)": [27.401962, -7.547188]}, "Replace Water Jug": {"Boiler Room(1/-23)": [1.4847267, -23.534199], "Office(17/-16)": [16.868727, -16.708235]}, "Scan Boarding Pass": {"Office(26/-16)": [25.816711, -16.745224]}, "Start Reactor": {"Specimen Room(35/-19)": [35.216553, -19.30037]}, "Store Artifacts": {"Specimen Room(36/-19)": [36.464294, -19.102371]}, "Submit Scan": {"MedBay(40/-7)": [40.353954, -7.09226]}, "Swipe Card": {"Office(25/-16)": [24.838394, -16.756985]}, "Unlock Manifolds": {"Specimen Room(34/-19)": [34.471268, -20.0601]}, "Upload Data": {"Electrical(7/-9)": [6.545827, -9.249997], "Communications(12/-15)": [11.728966, -15.886194], "Oxygen(3/-15)": [2.8752134, -15.961618], "Office(28/-16)": [27.73254, -16.564741], "Weapons(14/-22)": [13.948494, -22.91017], "Specimen Room(38/-19)": [37.67419, -19.092607]}}