{"Align Engine Output": {"Upper Engine": [-19.3633, -1.22293], "Lower Engine": [-18.9194, -13.4284]}, "Calibrate Distributor": {"Electrical": [-5.72605, -8.2314]}, "Chart Course": {"Navigation": [17.4299, -3.11914]}, "Clean O2 Filter": {"Oxygen": [6.06106, -3.31086]}, "Vent Cleaning": {"Reactor": [-21.8074, -3.30732], "Admin": [2.45933, -10.2542], "Electrical": [-9.76719, -8.14916], "Navigation": [16.0599, -6.44284], "Hallway": [9.43489, -6.58782], "Lower Engine": [-15.2865, -13.7221], "Shields": [9.44654, -14.4211], "MedBay": [-10.5891, -4.38927], "Cafeteria": [4.17271, -0.485461], "Weapons": [8.83778, 3.12183], "Upper Engine": [-15.309, 2.36514], "Security": [-12.6188, -7.00002]}, "Clear Asteroids": {"Weapons": [8.35615, 1.06301]}, "Divert Power": {"Electrical": [-8.9636, -8.07013], "Security": [-12.2512, -3.5181], "Communications": [6.33178, -14.7255], "Lower Engine": [-18.0686, -9.87574], "Upper Engine": [-17.1547, 2.61952], "Navigation": [16.0251, -3.11287], "Oxygen": [8.30851, -3.15438], "Shields": [10.7999, -10.7227], "Weapons": [11.1841, 1.63763]}, "Empty Chute": {"Oxygen": [5.12518, -3.80323], "Storage": [0.593161, -16.9577]}, "Empty Garbage": {"Cafeteria": [4.08582, 3.54563], "Storage": [0.752964, -17.2071]}, "Fix Wiring": {"Navigation": [14.6124, -4.70076], "Cafeteria": [-5.06366, 4.79254], "Security": [-15.5438, -5.15805], "Electrical": [-7.59342, -8.10701], "Storage": [-1.97415, -9.40421], "Admin": [1.27991, -6.97612]}, "Fuel Engines": {"Storage": [-3.28429, -14.32073], "Upper Engine": [-18.0392, -0.60767], "Lower Engine": [-18.00792, -12.8078]}, "Inspect Sample": {"MedBay": [-6.45565, -4.93967]}, "Prime Shields": {"Shields": [7.52442, -14.4795]}, "Stabilize Steering": {"Navigation": [17.6204, -5.0846]}, "Start Reactor": {"Reactor": [-21.4732, -6.11865]}, "Submit Scan": {"MedBay": [-7.19366, -5.17296]}, "Swipe Card": {"Admin": [5.9245, -9.29495]}, "Unlock Manifolds": {"Reactor": [-22.319, -2.74507]}, "Upload Data": {"Cafeteria": [3.25315, 4.37959], "Communications": [3.87948, -15.0217], "Admin": [2.68849, -6.87006], "Electrical": [-9.88091, -8.04544], "Navigation": [16.9168, -3.1157], "Weapons": [8.71317, 3.37072]}} 